{"accuracy":0.8571428571,"precision":0.5588235294,"recall":0.3653846154,"f1":0.4418604651,"roc_auc":0.8800785482}